<?xml version="1.0" encoding="UTF-8"?>
<!-- Extension files were created by Extension Compiler - version 2.1.2 -->
<description xmlns="http://openoffice.org/extensions/description/2006"
    xmlns:dep="http://openoffice.org/extensions/description/2006"
    xmlns:xlink="http://www.w3.org/1999/xlink">
    <identifier value="org.openoffice.extensions.ooodev" />

    <version value="0.12.0" />
    <platform value="all"/>

    <update-information>
        <src xlink:href="https://github.com/Amourspirit/libreoffice_ooodev_ext/blob/main/ooodev.ext.update.xml" />
    </update-information>

    <extension-description>
        <src xlink:href="pkg-desc/descr-en.txt" lang="en" />
    </extension-description>

    <icon>
        <default xlink:href="icons/icon.png" />
    </icon>

    <dependencies>
        <!-- <l:LibreOffice-minimal-version value="7.0"
            dep:name="LibreOffice 7.0 minimum, or more recent" /> -->
    </dependencies>

    <display-name>
        <name lang="en">OOO Development Tools</name>
    </display-name>

    <registration>
        <simple-license accept-by="user" suppress-on-update="true">
            <license-text xlink:href="LICENSE" lang="en" />
        </simple-license>
    </registration>
    <publisher>
        <name lang="en" xlink:href="https://github.com/Amourspirit">:Barry-Thomas-Paul: Moss</name>
    </publisher>

</description>